npi,name,n_lines,mean_medicare_mult,median_medicare_mult,win_rate
1528583366,"YU, SAMMY",1,3362.99,3362.99,100.0
1023696754,TEXAS NEUROLOGICAL PLLC,1,3234.18,3234.18,100.0
1538829452,"Neuro Safety, PLLC",6,2887.93,3.9,100.0
1477960128,"CUSHING NEUROMONITORING, PLLC",5,2683.63,3.9,80.0
1124074273,NORTHEAST METHODIST HOSPITAL,1,2481.63,2481.63,100.0
1659525236,METHODIST STONE OAK HOSPITAL,1,2481.63,2481.63,100.0
1205422797,"DRF MONITORING, PLLC",2,1956.5,3.25,100.0
1437363538,Dr. ELI NEIMAN,1,1830.57,1830.57,100.0
1487298337,"NAP DIAGNOSTICS, PLLC",10,1734.49,4.14,90.0
1760858658,"NARANG, ASHISH",5,1552.96,13.1,100.0
1508023789,SOUTH SOUND INPATIENT PHYSICIANS PLLC,1,1435.87,1435.87,100.0
1023285756,SOUTH SOUND INPATIENT PHYSICIANS PLLC,1,1226.61,1226.61,100.0
1801487236,"GUARDIAN NEUROLOGY, PLLC",17,1207.63,3.8,94.1
1568180024,Spine and Brain Institute of WI,5,981.67,1540.21,100.0
1316617707,NEW BRAUNFELS ER & HOSPITAL,9,824.03,15.42,88.9
1316607278,"FAIRVIEW MONITORING SERVICES, PLLC",5,784.59,3.25,100.0
1619712395,"CRAIGMILES, LAURA",1,696.9,696.9,100.0
1295443000,"Broad River Physicians Group, LLC",1,626.36,626.36,100.0
1437629342,WALKER LAKE EMERGENCY GROUP PC,2,525.0,524.69,100.0
1770111452,Sadia Najamuddin,34,516.03,702.02,85.3
1750862694,RIDGEWOOD EMERGENCY GROUP LLC,1,485.19,485.19,100.0
1497852107,PEDIATRIX MEDICAL GROUP OF TENNESSEE PC,1,415.98,415.98,100.0
1013616895,"VILLA PARK NEUROLOGICAL SERVICES, PLLC",38,359.36,3.7,86.8
1124253075,Remote Neuromonitoring Physicians PC,9,293.65,320.37,77.8
1649614777,"Titan Neurophysiology, PA",12,268.87,5.37,66.7
1194789818,Baptist Memorial Hospital Desoto,10,258.58,45.4,100.0
1548847601,USA EMERGENCY CENTERS-SPRING LLC,21,256.44,3.79,85.7
1013068279,DR SEAN McCANCE MD,2,200.12,198.49,100.0
1255962783,"Empire State Radiology, P.C.",2,173.82,173.82,100.0
1740652197,NPPA Services,324,162.32,4.14,84.3
1972551893,American Intraoperative Monitoring,186,162.14,3.94,88.7
1083141691,"One Care Monitoring, LLC",121,154.69,3.82,79.3
1982189643,"SURGICAL SUPPORT ALLIANCE, PLLC",4,143.43,4.03,100.0
1538107875,"Singleton Associates, P.A.",28,137.5,223.46,92.9
1487117123,Jessica Kathryn Wise MD,1,126.57,126.57,0.0
1578527172,Baptist Memorial Hospital Memphis,85,118.31,10.06,87.1
1427055821,NGMC,1,110.47,110.47,100.0
1538921184,CARRUS LAKESIDE HOSPITAL,1,109.59,109.59,100.0
1922467315,KYLE ER LLC,24,94.6,6.27,54.2
1093322257,HOSPITALIST MEDICINE PHYSICIANS OF MD FREDERICK PC,25,94.32,8.73,96.0
1033745708,"Sonoran Radiology, LTD",6,94.08,99.49,83.3
1174183024,"NORTHWEST INDIANA HOSPITAL, LLC",45,85.38,7.06,73.3
1649248626,Wellstar Kennestone Hospital,1,81.48,81.48,0.0
1013991009,"STEVEN CHEN, MD",3,73.84,4.06,100.0
1912235607,"Medsurant, LLC",157,73.37,6.63,62.4
N/R,West Anaheim Medical Center,341,64.74,4.49,88.6
1316978059,NOAM ROSINES,1,54.94,54.94,100.0
1154975431,CABOT EP,19,48.61,7.8,100.0
1508231267,"Evokes, LLC",342,48.6,5.36,68.7
1568578078,"Kenneth Kneessy, MD",3,45.86,46.72,66.7
1083488829,PROCARE FAIRFIELD LLC,13,45.23,4.26,84.6
1508094988,"JENNY LIU, MD",5,41.26,40.38,80.0
1669457404,"BLAKE CHAMBERLAIN, MD",1,40.38,40.38,100.0
1346837226,"Daniel Choi, MD",3,40.02,48.16,100.0
1649013038,"Waterloo Emergency Physicians, LLC",1,37.17,37.17,100.0
1568717767,"KENTER, JEREMY",1,34.59,34.59,100.0
1730581034,"Firas Bridges, MD",3,34.57,34.57,100.0
1760762033,AA Medical P.C.,2,32.97,22.57,100.0
1194184606,NB PHYSICIAN GROUP,8,32.31,7.23,100.0
1386101202,TULSA ER & HOSPITAL,50,31.32,3.85,98.0
1619600772,"KHAN, ANDREW",2,29.64,3.53,100.0
1700852845,"MUHAMMAD HOSSAIN, MD",5,26.47,27.01,100.0
1912063934,Steven Horowitz MD,12,25.91,4.05,91.7
1104271568,"KISSLING, CARL",6,24.7,3.03,83.3
1285069401,"Breyanna Grays, M.D.",1,23.37,23.37,0.0
1295849727,"VICTORIA ALEXANDER, MD",2,23.02,5.66,50.0
1639808538,"Eastern Elm, PLLC",135,22.39,5.14,77.8
1023323581,Northeast Pain Associates,3,22.1,4.1,100.0
1356860621,Memorial Hospital,2,21.35,8.36,100.0
1548677610,"Carr, PLLC",8,21.2,7.83,75.0
1629532064,"SOUND PHYSICIANS EMERGENCY MEDICINE OF WASHINGTON, PLLC",2,20.89,13.93,100.0
1376108209,"EMCC WEATHERFORD ER, LLC",5,20.72,14.79,100.0
1265044333,USA EMERGENCY CENTER SOUTH AUSTIN LLC,12,20.21,4.81,100.0
1700313384,"CAOM HANSEN, MD",1,19.71,19.71,100.0
1417180324,Akbar Amirafshari MD,2,19.03,4.53,100.0
1184622847,Baylor St Lukes Medical Center,2,17.85,17.84,100.0
1336849249,IES MISSOURI LLC,4,17.66,8.47,50.0
1255805388,"COLUMBIA IOM, LLC",1,17.4,17.4,100.0
1770066045,Darin Stettler,1,16.35,16.35,100.0
1275922734,"Maxim Pekarev, MD",1,16.13,16.13,100.0
1407317910,WYLIE EP,4,16.02,7.35,100.0
1295757060,"SUZANNA CRUZ, MD",3,15.99,4.24,100.0
1679528889,SOUTH AUSTIN MEDICAL CENTER,2,15.79,5.49,100.0
1528161171,Long Island Anesthesiologists,1,15.69,15.69,0.0
1700328663,"Sound Physicians Emergency Medicine of Arizona, Inc",12,15.47,14.19,66.7
1417312018,FRONTLINE RICHMOND MEDICAL CENTER LLC,2,15.31,11.2,100.0
1366815144,"LONGVIEW ER OPERATIONS, LLC",43,15.13,8.07,100.0
1770756991,HOSPITALIST MEDICINE PHYSICIANS OF VIRGINIA LLC,1,15.1,15.1,100.0
1003495664,HEALTHCARE HL WEST PLANO COLONY ER,5,14.77,7.31,80.0
1700910189,Chandler Regional Medical Center,4,14.52,7.75,100.0
1164452827,Dr. Tamer Seckin,1,14.23,14.23,100.0
1437196979,"Radiology Specialists, Ltd.",2,13.97,13.97,100.0
1811263999,"Advanced Medical Resources, LLC",118,13.94,7.6,68.6
1023754793,EHC ARDMORE LLC,1,13.74,13.74,0.0
1831717677,EMER Grand Prairie Physicians PLLC,16,13.66,3.99,100.0
1437629581,OKLAHOMA EP,17,13.63,8.82,82.4
1659039618,EAST VALLEY EP,7,13.53,9.71,71.4
1861488579,Knapp Medical Center,1,13.43,13.43,100.0
1982733655,St. Joseph's Hospital and Medical Center,7,13.27,5.95,85.7
1962407460,Chino Valley Medical Cente,1,13.13,13.13,100.0
1518311729,"NICHOLAS MONTEMURRO, MD",1,12.9,12.9,100.0
1477262905,ROYSE CITY EP,4,12.81,4.53,100.0
1205342755,WEST PRESTIGE EMERGENCY ROOM,2,12.69,11.56,100.0
1336341148,"Shahriyour Andaz, MD",1,12.45,12.45,0.0
1376007765,ABQ EP,32,12.4,6.31,90.6
1235881855,"Williams Khmelev, Megan",12,12.06,3.36,91.7
1215688510,ODESSA EMERGENCY PHYSICIANS PLLC,1,12.02,12.02,100.0
1457403834,"Daniel C. Allison, MD",9,11.99,14.07,88.9
1003523002,IES CENTRAL TEXAS PLLC,27,11.69,9.2,88.9
1073778429,"HAMID NIA, MD",51,11.67,10.09,92.2
1144663667,"RHYNE CHAMP DENGENIS, DO",1,11.63,11.63,100.0
1619924719,RIO GRANDE REGIONAL HOSPITAL,1,11.59,11.59,100.0
1992706097,TM CARR MD PC,18,11.51,7.83,61.1
1629520499,Adrian Huey PA,4,11.5,7.28,100.0
1881151231,SOUND PHYSICIANS EMERGENCY MED OF NV BESSLER PLLC,20,11.48,9.5,80.0
1881352037,EAST VALLEY ER & HOSPITAL,10,11.29,5.96,100.0
1205263423,"Beaumont Elite Emergency Center, LLC",2,11.24,4.6,100.0
1356006670,IES OBS ARIZONA PLLC,1,11.22,11.22,100.0
1366079071,"CENTRAL PLANO SPORTS SURGICAL ALLIANCE, PLLC",5,11.2,4.33,100.0
1154898435,PHOENIX PHYSICIAN GROUP,4,10.89,9.68,25.0
1568666493,"EVAN BEALE, MD",1,10.85,10.85,100.0
1285922542,"INTEGRATIVE EMERGENCY SERVICES PHYSICIAN GROUP, PA",38,10.84,7.22,73.7
1104296441,TEXARKANA EP PLLC,24,10.8,6.73,75.0
14070530,"Vanessa Gibson, MD",2,10.78,10.78,100.0
1871290163,COVINGTON EP,6,10.75,8.03,83.3
1225514276,"OrthoMed Staffing, LLC",2,10.58,5.83,100.0
1689147498,"MCMORRIS, CLYDE",2,10.55,9.57,0.0
1710545447,"Value Monitoring, LLC",198,10.49,9.25,52.0
1063134534,"SZEMA, ROBERT",4,10.48,6.19,75.0
1770753782,"Zoltan T. Horvath, MD",32,10.36,4.78,90.6
1508424755,TULSA EP,20,10.24,8.25,100.0
1750019212,FORT SMITH EP,25,10.16,8.08,92.0
1336783471,International Spine and Sports Institute,8,10.11,6.91,75.0
1972258580,EXCELLENCE EMERGENCY HOSPITAL LLC,22,9.87,3.87,59.1
1770816555,National Neuromonitoring Services,8,9.78,10.53,62.5
1124788716,IES FLORIDA PLLC,67,9.71,6.62,82.1
1518545318,"WRFER Cooper, LLC",151,9.62,5.98,78.8
1891125118,SUMMIT SURGICAL ASSISTANTS LLC,1,9.59,9.59,100.0
1942208616,The Woodlands Hospital,3,9.4,10.66,100.0
1043577190,"SAMITA GOYAL, MD",1,9.37,9.37,100.0
1497053912,"ERLC, LLC",1,9.33,9.33,0.0
1134570914,"Joshua Melamed, MD",8,9.19,10.0,87.5
1336470426,"AHADI, JAVID",1,9.07,9.07,0.0
1427360973,"FELIX REGALA, PA-C",3,9.03,8.38,100.0
1295322865,"WRFER Denton, LLC",181,8.97,5.68,82.3
1821752213,"IES Arizona, PLLC",84,8.97,6.67,67.9
1912978610,"NORTHSTAR ANESTHESIA, PA",1,8.96,8.96,100.0
1053027276,IES ALABAMA PLLC,40,8.95,7.24,70.0
1104551134,FORT SMITH EMERGENCY HOSPITAL,18,8.94,4.53,77.8
1821186586,MAZEN ITANI MD PC,1,8.92,8.92,100.0
1609842202,The Peer Group for Plastic Surgery,2,8.92,4.52,50.0
1225173370,Shari Reitzen-Bastidas MD,8,8.87,4.72,87.5
1528488467,"Andrew Abi-Chaker, MD",36,8.85,9.4,94.4
1023306172,"Stephen Viviano, MD",3,8.83,10.73,100.0
1104572841,"EMERGENCY MEDICINE SPECIALISTS, INC.",13,8.82,5.51,69.2
1336328244,Centinela Hospital Medical Center,2,8.79,3.86,100.0
1700621190,"WU, YIQUN",4,8.75,3.65,100.0
1255741864,Virginia McLean,4,8.73,9.82,75.0
1568998417,JACQUELINE ROSS,1,8.73,8.73,100.0
1497735153,"Shahriyour Andaz, MD",40,8.72,8.28,62.5
1568758266,COGENT HEALTHCARE OF ARIZONA PC,1,8.67,8.67,0.0
1518535830,WEST PLANO EP,4,8.66,4.62,75.0
1790457141,"Caremed, PLLC",126,8.6,5.08,81.7
1285252593,"EMER North Fort Worth Beach, LLC",7,8.59,5.18,100.0
1336296177,"ELENA KENTROS-SAVARESE, PA",1,8.58,8.58,100.0
1891138608,"TONY SHAO, MD",11,8.52,8.22,100.0
1003321316,"Bromedicon, LLC",95,8.48,7.23,80.0
1366741738,"EMERGENCY MEDICINE SPECIALISTS, INC.",20,8.44,5.22,75.0
1306325840,"Hospitalist Medicine Physicians of Georgia - TCG, PC",2,8.44,4.66,100.0
1528649423,"Jade Medical, PLLC",174,8.38,4.74,87.9
1235611500,"HATFIELD, JASON",4,8.37,5.73,75.0
1699406173,"EMER Richardson, LLC",2,8.35,7.1,100.0
1275794224,"SAMMY EGHBALIEH, MD",11,8.33,9.53,100.0
1801056312,Svetlana Danovich,10,8.31,8.48,70.0
1538508635,GRACE EMERGENCY ROOM LLC,4,8.25,3.64,100.0
1144838947,EMER MESQUITE GUS THOMASSON LLC,1,8.22,8.22,100.0
1043510183,KANSAL INC,4,8.2,5.83,50.0
1336258417,"DAVID GITLIN, DPM",1,8.17,8.17,100.0
1386222180,"Windview First, PLLC REDACTED",132,8.09,4.63,87.1
1740755305,"RED GRANITE NEUROMONITORING, LLC",1,8.08,8.08,100.0
1609548056,"Capital Health, PLLC",180,8.05,4.63,79.4
1619444353,ALEXANDRIA HOSPITAL,5,8.03,7.0,100.0
1982129169,"JONATHAN BORCEAN, CRNA",1,8.01,8.01,100.0
1871125161,"HARSIMRAN KAUR, PA-C",3,7.92,6.56,100.0
1710139555,Puneet Singh,1,7.79,7.79,100.0
1215943444,"BRIAN PERRI, DO",3,7.77,3.42,100.0
1588438279,"PRICE, BRIAN",1,7.75,7.75,100.0
1831841436,"Rayfield, John",9,7.71,3.36,100.0
1932573144,PRECISION EMERGENCY PHYSICIANS,59,7.71,5.46,76.3
1417287707,"PETER ANDRADE, DO",1,7.7,7.7,0.0
1740914837,EMER Richardson Physicians PLLC,18,7.7,5.62,94.4
1891391389,"MAREA MONITORING, PLLC",1,7.66,7.66,0.0
1164935854,"JB IOM, PLLC",1,7.65,7.65,0.0
1467070698,EMER Rowlett Physicians PLLC,13,7.64,5.62,100.0
1134769789,IES CARROLLTON PLLC,35,7.56,6.76,80.0
1699072611,"Imaging Associates of Indiana, PC",4,7.56,3.43,75.0
1538261250,"MARK R DRZALA MD, PC",1,7.55,7.55,100.0
1003476961,"EMCC Padre Island ER, LLC",8,7.54,3.53,75.0
1518475557,SOUND PHYSICIANS EMERGENCY MEDICINE OF TEXAS PLLC,3,7.54,7.19,100.0
1508064569,Aaron Capuano,1,7.5,7.5,100.0
1285265777,SUNFLOWER HOSPITAL OF TOPEKA,4,7.5,5.93,75.0
1174813174,Velocity Neurocare,1,7.5,7.5,100.0
1295268506,"JOSEPH CARNEVALE, MD",1,7.47,7.47,100.0
1750895686,ARIZONA EP,11,7.36,5.78,45.5
1801458708,INTEGRATIVE EMERGENCY SERVICES PHYSICIAN GROUP HOUSTON PLLC,6,7.35,6.59,66.7
1396304499,ALEXANDRIA EP,10,7.31,7.11,60.0
1457511743,"Physiologic Assessment Services, LLC",1,7.28,7.28,0.0
1679263883,ER of Mesquite LLC,1,7.25,7.25,100.0
1437678430,"Totalcare ER Benbrook, PLLC",169,7.19,4.53,82.8
1881378693,PROCARE WICHITA FALLS LLC,3,7.18,5.43,100.0
1891723870,"AMANDA GUMBERT, PA-C",2,7.12,7.07,100.0
1073568903,"RONALD HILLOCK, MD",1,7.08,7.08,100.0
1578933818,"TEXARKANA ER, LLC",18,7.05,6.52,94.4
1689769911,St. Bernardine Medical Center,3,7.04,7.12,100.0
1053795088,"EMERGENCY MEDICINE SPECIALISTS, INC.",6,7.03,3.32,100.0
1366925760,"KIMIAGAREE, MAURICE",1,7.01,7.01,0.0
1447603683,"Exos Surgical Assist, PLLC",15,6.98,6.07,100.0
1992172803,"KELLY ANN CONNORS, CSA",2,6.97,3.5,100.0
1689121188,Arizona General Hospital - Mesa,1,6.96,6.96,100.0
1376012526,EMCC Stephenville Physicians PLLC,22,6.92,4.59,90.9
1750921029,TOPEKA ER & HOSPITAL,12,6.91,6.38,91.7
1750487096,Sensory Testing Systems,199,6.88,7.43,60.8
1891741641,LAFAYETTE EMERGENCY PHYSICIANS INC,11,6.87,6.08,72.7
1588640791,"EMERGENCY MEDICINE SPECIALISTS, INC.",42,6.87,7.1,85.7
1083757744,"KARAN NEJAD, MD",2,6.87,6.87,100.0
1710477724,"EMERGENCY MEDICINE SPECIALISTS, INC.",8,6.85,4.38,87.5
1164087375,Thomas Murray,8,6.81,6.61,75.0
1720050701,"PANAGIOTIS MANOLAS, MD",9,6.74,7.19,100.0
1295846426,Colorado Surgical & Critical Care Assoc.,1,6.73,6.73,100.0
1871954644,"SAFE SPINE INTRAOPERATIVE MONITORING, PLLC",3,6.71,6.59,33.3
1306897277,Medical City Decatur,1,6.7,6.7,100.0
1104435882,"DEANNA GETTY, PA",2,6.69,5.54,100.0
1356318950,"ROY D VINGAN, DR",1,6.67,6.67,100.0
1871139469,Steven Fussner MD,2,6.64,6.51,50.0
1275070369,"CLINT BROCK, CRNA",1,6.64,6.64,100.0
1598012429,"Physiologic Assessment Services, LLC",143,6.58,6.9,67.8
1356818496,TUCSON ER & HOSPITAL,3,6.58,5.92,100.0
1407580582,EMER Hulen Physicians PLLC,18,6.54,4.0,100.0
1811778830,GREEN BAY EP LLC,3,6.52,3.57,66.7
1558851568,"EMERGENCY MEDICINE SPECIALISTS, INC.",18,6.5,5.85,83.3
1952792475,INPATIENT SPECIALISTS OF CALIFORNIA PC DBA SOUND PHYSICIANS OF CALIFORNIA IV,1,6.49,6.49,100.0
1235304833,"AZADEH FARIN, MD",8,6.48,6.48,100.0
1023484912,"STAFFORD, MICHAEL T",3,6.47,3.5,66.7
1821501875,"GALVESTON ER OPERATIONS, LLC",7,6.45,4.43,85.7
1376151365,"EMER Rowlett, LLC",11,6.44,5.0,54.5
1053760934,"NEUROCEPT, LLC",1,6.44,6.44,0.0
1629813423,"MOHAMMED ABDUL, RAHMAN",3,6.42,7.32,100.0
1447370697,"CHERI PHILLIPS, PA-C",3,6.35,7.03,100.0
1134557523,NEW JERSEY SPINE & ORTHOPEDIC,1,6.34,6.34,100.0
1841923117,JOANNA KUBY,1,6.3,6.3,100.0
1710364112,"Bruin Neurophysiology, P.C.",13,6.25,5.83,76.9
1538685979,Madelyn O'Leary,1,6.24,6.24,100.0
1023583218,ADVANCED ORTHOPAEDIC ASSOCIATES,2,6.24,5.61,0.0
1508484825,EMER Arlington Physicians PLLC,17,6.2,4.49,88.2
1194180968,Sound Physicians Emergency Medicine of Southern California PC,2,6.19,5.8,50.0
1023745007,"NeuroStim, LLC",1,6.19,6.19,100.0
1699871525,"JOSHUA ELLENHORN, MD",1,6.18,6.18,100.0
1750491247,Sherman Oaks Hospital,1,6.11,6.11,100.0
1639647282,SUREPOINT EMERGENCY CENTER PANTEGO,2,6.03,6.03,100.0
1073076527,ASSURE NEUROMONITORING COLORADO LLC,1,6.03,6.03,100.0
1912640491,"SilverChoice, PLLC",69,6.01,4.34,87.0
1750650776,"EMERGENCY MEDICINE SPECIALISTS, INC.",39,6.01,5.85,69.2
1346676749,"BRITTANY MADISON, NP",2,6.01,3.91,100.0
1811388432,"Wayne Fleishhacker, DO, LLC",2,6.0,5.62,50.0
1083327886,"SOUTHEAST DIAGNOSTIC CONSULTANTS, LLC",2,5.99,3.9,0.0
1083982888,"EMERGENCY MEDICINE SPECIALISTS, INC.",5,5.99,6.11,80.0
1730683905,"Yaniv Larish, MD",3,5.96,6.22,33.3
1194215111,"EMERGENCY MEDICINE SPECIALISTS, INC.",16,5.95,6.11,87.5
1548434665,"JORDAN FARKAS, MD",1,5.94,5.94,100.0
1598488090,IES ARKANSAS PLLC,2,5.94,5.91,100.0
1427445675,Rameen Moridzadeh MD,7,5.93,6.13,71.4
1952759300,"NEUROGUIDE, PLLC",1,5.92,5.92,100.0
1356791503,"JAD DONATO, MD",1,5.9,5.9,100.0
1083068472,"JARRETT BORONIEC, DO",1,5.88,5.88,100.0
1073804316,"RACHEL WEBMAN, MD",1,5.86,5.86,100.0
1780038554,"NEUROSPINE ASSOCIATES, PLLC",8,5.83,4.85,62.5
1194243287,"RSER Benbrook, LLC",130,5.82,4.8,89.2
1922771377,"Premier Brain and Spine, LLC",1,5.81,5.81,0.0
1619321742,"TYLER ER OPERATIONS, LLC",8,5.8,3.52,75.0
1265569255,Alok Sharan MD,1,5.8,5.8,100.0
1366428575,"EMERGENCY MEDICINE SPECIALISTS, INC.",19,5.79,6.03,84.2
1013675834,"Lakewood Green, LLC",58,5.78,4.1,94.8
1801677083,"Methodist North Emergency Physicians, PL",1,5.77,5.77,100.0
1093150385,"AA Medical, P.C.",1,5.76,5.76,100.0
1013356898,"David Abramson, MD",1,5.75,5.75,100.0
1356975411,"MIMMA MAZZOLA, PA-C",2,5.73,4.46,100.0
1215291240,"ERIC MITTELMANN, MD",2,5.7,4.6,100.0
1205089026,Prime Healthcare Shasta,1,5.68,5.68,100.0
1558838607,ALBUQUERQUE ER & HOSPITAL,5,5.66,3.46,100.0
1730241993,"VASIF SABEEH, DO",1,5.63,5.63,100.0
1689062440,"EMERGENCY MEDICINE SPECIALISTS, INC.",3,5.62,5.5,100.0
1043942089,RICE EMERGENCY ROOM LLC,13,5.61,3.91,92.3
1245361963,Spine & Trauma Institute,1,5.6,5.6,100.0
1467998633,"DJNR, PLLC",2,5.59,4.59,0.0
1578181889,EMER North Fort Worth Beach Physicians P,22,5.59,4.61,95.5
1386229532,"WRFER Cooper, LLC",65,5.58,4.45,93.8
1245725191,"Catherine Elias MS, PA-C",1,5.56,5.56,100.0
1982208443,"Absolute IOM, LLC",1,5.54,5.54,100.0
1154055234,EMER Addison Physicians PLLC,20,5.51,4.06,95.0
1386009462,FOREFRONT PHYSICIANS PLLC,4,5.47,3.18,50.0
1669244745,"SYDNEY REGINA, PA-C",5,5.47,4.44,100.0
1730658980,EMCC Azle Physicians PLLC,37,5.46,4.95,83.8
1184391153,"APRIL FENSTER, PA-C",1,5.46,5.46,100.0
1821779695,IES SOUTH CAROLINA LLC,19,5.42,5.3,89.5
1356873889,William Gulledge Jr,8,5.41,3.49,87.5
1720643653,EMCC Weatherford ER Physicians PLLC,10,5.4,4.07,90.0
1194198101,Surepoint Emergency Physicians Denton PL,15,5.39,4.61,93.3
1619563277,"WRFER Denton, LLC",123,5.38,4.3,83.7
1114267929,Interventional Neuro Associates,1,5.38,5.38,100.0
1841778040,International Spine Institute,6,5.38,4.21,100.0
1235747304,EMER GRAND PRAIRIE,7,5.37,5.0,100.0
1548773203,GRANITE ANESTHESIA,6,5.36,3.86,83.3
1174014385,"TIMOTHY A LOPEZ, PA-C",1,5.36,5.36,100.0
1205223807,"DENNIS MURPHY, MD",2,5.31,4.9,100.0
1356929632,Northeast Surgery Associates,2,5.3,4.98,100.0
1184910135,"DINESH RAMANATHAN, MD",1,5.29,5.29,0.0
1992735088,Mercy Gilbert Medical Center,1,5.27,5.27,0.0
1013499383,USA EMERGENCY CENTERS BASTROP LLC,13,5.22,3.81,76.9
1891950788,"REZA KARIMI, DR",1,5.19,5.19,100.0
1679085401,"Georgetown Emergency Physicians, PLLC",3,5.18,6.1,66.7
1558405662,"Michaela Lomelo, PA",2,5.18,3.32,100.0
1467575472,David Chang MD,12,5.18,4.38,83.3
1326580960,SJMK EMERGENCY ROOM LLC,29,5.18,4.33,89.7
1114489390,TCERH PHYSICIANS,17,5.17,3.61,70.6
1801364450,SUREPOINT EMERGENCY CENTER AZLE,13,5.13,4.12,69.2
1407508021,PRO CARE FLORESVILLE LLC,12,5.13,3.43,100.0
1043740608,"Core Neurodiagnostics, LLC",1,5.12,5.12,100.0
1922677178,"IYENGAR MONITORING, PLLC",5,5.11,3.9,80.0
1427088590,"IRA GOLDSTEIN, MD",2,5.1,4.32,100.0
1982675955,St. Francis,1,5.08,5.08,100.0
1669997359,"One Oak Medical Group, LLC",5,5.06,5.75,100.0
1124603386,"Windview First, PLLC",85,5.06,4.37,91.8
1821565961,OKLAHOMA ER HOSPITAL,7,5.05,4.2,100.0
1275193138,EMCC PI ER Professional PLLC,18,5.05,3.59,83.3
1407053036,"Vanessa Gibson, MD",19,5.04,4.49,73.7
1659744662,"ER24 Denton, LLC",2,5.04,3.46,50.0
1871863837,"Progressive Spine and Orthopaedics, LLC",3,5.04,3.76,100.0
1053187088,"Lora Liu, MD",1,5.0,5.0,0.0
1508863663,Paul Vessa,2,4.99,4.56,100.0
1083444780,CARE PLUS MONTROSE ER LLC,1,4.97,4.97,100.0
1235733833,"NEUROSPINE PLUS, LLC",2,4.96,3.02,50.0
1679225288,RO CARE SCHERTZ LLC,9,4.95,4.09,77.8
1134783913,Village Emergency Room Llc,28,4.95,5.13,96.4
1942676838,Victoria ED,52,4.95,4.24,55.8
1437719309,Ortho Nerve,4,4.95,4.81,50.0
1922563121,"THE PAIN, SPINE AND SPORTS INSTITUTE LLC",1,4.93,4.93,100.0
1275110108,"Deerfield Plains, LLC",89,4.9,4.22,91.0
1295490316,"Academy Orthopaedic Group, LLC",2,4.9,4.06,0.0
1972504587,"MARCEL SCHEINMAN, MD",14,4.88,3.9,92.9
1710676572,"STEPHANIE KAYE, RNFA",2,4.86,3.23,100.0
1619954435,"GREGORY BREVETTI, DR",3,4.86,5.75,100.0
1538645692,"TWL NEUROMONITORING, PLLC",3,4.86,5.25,66.7
1053081315,"TOTALCARE, ER",31,4.85,4.12,71.0
1063033421,Dr. Lawrence Stankovits,50,4.84,4.69,96.0
1326508565,Jason Meldau MD,1,4.83,4.83,0.0
1447559182,"SELECT NEUROMONITORING CONSULTANTS, PLLC",1,4.81,4.81,100.0
1598467037,"Bsisa Neuromonitoring, PLLC",1,4.81,4.81,0.0
1073054078,"ELITE NEUROMONITORING, PLLC",1,4.81,4.81,0.0
1871864611,HIGHLAND PARK EMERGENCY CENTER LLC,28,4.8,3.81,71.4
1508424169,"HERITAGE SURGICAL ASSIST ASSOCIATES, PLLC",5,4.79,4.68,80.0
1104118173,"ORTHO TRAUMA ONE, LLC",9,4.74,4.03,100.0
1972273233,"Silver Alliance, LLC",110,4.74,4.22,81.8
1528201118,"SHIVEINDRA JEYAMOHAN, MD",5,4.74,4.39,100.0
1447878749,EMER MESQUITE GUS THOMASSON PHYSICIANS PLLC,21,4.73,3.99,90.5
1275291619,"PRO IOM, LLC",1,4.73,4.73,100.0
1750032868,"CONNECTICUT ORTHOPEDICS NEURO MANAGEMENT, LLC",6,4.72,4.33,100.0
1740911213,"EMER Hulen, LLC",3,4.71,4.6,100.0
1871079301,Victoria Novak PA,2,4.7,4.12,100.0
1417615006,"Trans Oakley, LLC",64,4.68,3.99,75.0
1861731283,Dr. Curatolo,4,4.67,4.49,100.0
1659675882,SACRED HEART EMERGENCY CENTER,12,4.67,3.45,66.7
1679218622,NEUROMON PROFESSIONALS,1,4.63,4.63,100.0
1598321580,Michael Vengrow,1,4.63,4.63,0.0
1164189510,"KRISTEN PERRI, PA",1,4.62,4.62,100.0
1457027294,Next Gen Health and Wellness,4,4.61,5.02,100.0
1164485306,jian shen,3,4.59,4.51,66.7
1871815605,"Garrick Cox, MD, LLC",11,4.54,4.4,81.8
1730636168,"SOUND PHYSICIANS EMERGENCY MEDICINE OF SOUTH CAROLINA, LLC",1,4.52,4.52,100.0
1972070993,"LITTLE ROCK HOSPITAL 1, LLC",5,4.51,3.93,60.0
1538727193,"SA MONITORING, PLLC",6,4.48,4.14,66.7
1326636085,Next Generation Sports and Spine,4,4.47,4.47,50.0
1982377685,"Kaufman Neurology, PLLC",8,4.46,4.14,75.0
1114485711,Vikas Pandey,10,4.45,4.76,90.0
1932520780,"ACME MEDICAL, PLLC",7,4.43,4.26,85.7
1740391283,Wendell Bobb,11,4.42,4.46,100.0
1891737052,"HATFIELD, JASON T",1,4.42,4.42,100.0
1639872088,Vikas Pandey,1,4.41,4.41,100.0
1578809349,"CAPITOL NEURODIAGNOSTICS, PLLC",4,4.41,4.41,100.0
1255428736,Mem Hospital,1,4.4,4.4,0.0
1952543696,"ZAKARIA HAKMA, MD",1,4.4,4.4,100.0
1508134743,Dante Leven DO,12,4.38,4.0,100.0
1962854232,Affinity Surgical Associates LLC,4,4.38,3.21,0.0
1205597473,"Kevin Louie, DO",3,4.38,3.9,100.0
1194342667,Alexandra Fitts,2,4.37,4.2,100.0
1447801444,"CHRISTOPHER WATTS, PA",3,4.36,3.87,66.7
1649768698,Jeremy Jones MD,1,4.36,4.36,100.0
1891869475,Garden State Pain Control,3,4.35,3.88,100.0
1679733711,"ZACHARIAH GEORGE,MD",2,4.34,3.92,50.0
1952613622,"Ross Cooperman, MD",2,4.34,3.25,100.0
1801176656,Advanced Orthopaedic and Neurosurgery NSA,2,4.31,4.09,100.0
1730106436,"Jason Arora, DO",3,4.31,4.32,100.0
1811648959,"INEUROLOGY, PC",1,4.29,4.29,100.0
1346871217,NW INDIANA EP,1,4.29,4.29,100.0
1548464332,"AMIT GUPTA, MD",1,4.28,4.28,0.0
1730773219,COLORADO NEUROLOGICAL PLLC,3,4.27,4.0,33.3
1891808168,"NJ Surgassist, LLC",5,4.26,4.4,80.0
1376141556,RAPIDCARE EMERGENCY ROOM KATY-MASON LLC,1,4.26,4.26,100.0
1437634524,Baptist Memorial Hospital Crittenden,1,4.23,4.23,100.0
1306679378,PROCARE HIGHLAND PARK ER LLC,6,4.23,3.66,83.3
1467918938,"EMERGENCY MEDICINE SPECIALISTS, INC.",11,4.22,3.81,81.8
1295180651,"FRONTLINE WHITE ROCK MEDICAL CENTER, LLC",3,4.21,3.64,100.0
1225098866,Saam Miller MD,1,4.21,4.21,100.0
1518264449,Daniel Shein MD,2,4.21,3.5,100.0
1629072541,"JAMES DWYER, MD",2,4.21,3.23,100.0
1609271295,Oasis Medical & Surgical Wellness Group,1,4.2,4.2,100.0
1316128937,Karim Paracha MD,5,4.2,3.35,100.0
1689972804,"SARAH B EVANS, CRNA",1,4.18,4.18,100.0
1770214256,"EMER Addison, LLC",5,4.17,4.33,100.0
1134846793,"North Texas IOM, PLLC",2,4.16,3.9,100.0
1932645132,"JUSTIN SZPILKA, PA",1,4.16,4.16,0.0
1831951920,CNM Neurocare PLLC,2,4.15,3.72,100.0
1225459662,"GOLDEN TRIANGLE EMERGENCY CENTER,LLC",9,4.13,3.88,55.6
1578990669,"JOSEPH S PYUN, MD",2,4.12,3.46,100.0
1689370595,ABQ2,5,4.12,3.42,100.0
1366002768,"ELITE SPINE ASSIST, PLLC",1,4.12,4.12,100.0
1922475078,SOUTHEAST ARKANSAS EMERG PHYS LLP,1,4.1,4.1,100.0
1952673287,"OLADELE-AJOSE, OLUFEMI",2,4.1,3.17,100.0
1265991772,Interventional Spine & Surgery Group,8,4.1,3.76,50.0
1891210639,USA EMERGENCY CENTERS CLEAR LAKE LLC,26,4.09,3.87,61.5
1750717658,Brandon Claflin D.O.,1,4.08,4.08,100.0
1407337462,"OPUS MEDICAL, LLC",1,4.08,4.08,100.0
1417633736,PROCARE ODESSA LLC,6,4.07,4.03,33.3
1932745148,"SYNAPTIC MONITORING, PLLC",8,4.07,3.9,75.0
1245684133,Matthew Spiegel MD,6,4.06,3.4,100.0
1457047664,USA EMERGENCY CENTERS DRIPPING SPRINGS LLC,6,4.06,3.48,100.0
1578101127,"JWWT NEUROMONITORING, LLC",18,4.06,3.27,72.2
1770957896,"DENDRITE MONITORING SERVICES, PLLC",3,4.05,3.9,66.7
1871056127,Yvan Rodrigues,81,4.04,3.88,59.3
1255307443,"CHARLES RUOTOLO, MD",3,4.04,3.79,100.0
1568573046,"Alain J. Derzie, MD",1,4.03,4.03,0.0
1902901333,Surgxcel LLC,1,4.03,4.03,100.0
1679833354,"BEST, JESSICA",1,4.03,4.03,100.0
1861580367,Dr. RAE ARANAS,1,4.0,4.0,0.0
1700504289,Michael Vengrow,4,4.0,3.88,50.0
1194925206,Evgeny Tsimerinov,2,4.0,3.94,100.0
1235769860,"NU Spine, LLC",6,3.99,3.61,66.7
1356968952,"NORTHSTAR ANESTHESIA III, PA",1,3.99,3.99,100.0
1285257212,NextGen Wellness,10,3.98,3.6,100.0
1366562530,Advanced Neurosurgery Associates,1,3.96,3.96,100.0
1962716183,Tracy Sebastian PA,2,3.95,3.92,100.0
1669683280,Vadim Lerman DO,10,3.95,3.5,100.0
1538503024,"BARTON, JAMES BRADLEY G",2,3.94,3.39,100.0
1780047852,"Mustang Neurodiagnostics, PLLC",5,3.94,3.9,60.0
1154973931,"DAVID ARNOLD, PA-C",2,3.93,3.49,100.0
1679976278,ORANGE ER LLC,23,3.93,3.67,87.0
1366647331,"LANDA, JOSHUA",1,3.92,3.92,100.0
1598066730,Dr. Vijay Maggio,2,3.9,3.06,100.0
1245424506,"SERGEY TERUSHKIN, MD",1,3.9,3.9,100.0
1134768534,"NICHOLAS PETITO, PA-C",1,3.9,3.9,100.0
1093384646,"NERA IOM, PLLC",3,3.9,3.9,33.3
1720344179,"WELLSPINE MONITORING, PLLC",2,3.9,3.9,50.0
1639386626,"SOROUSH RAMIN, MD",1,3.89,3.89,100.0
1922831999,PROCARE PRESTON HOLLOW ER LLC,13,3.89,3.89,69.2
1194410985,Vikas Pandey,10,3.89,3.63,30.0
1356740534,PRESTON HOLLOW EMERGENCY ROOM,7,3.88,3.7,85.7
1811258726,"Brian Shafa, MD",3,3.88,3.07,100.0
1538594213,Renee Rizzo PA-C,4,3.88,3.3,100.0
1376188235,Darin Stettler,2,3.88,3.88,100.0
1720533128,Vikas Pandey,1,3.88,3.88,100.0
1649939042,"N EXPRESS, PC",1,3.87,3.87,0.0
1255371662,Premal Desai MD,1,3.87,3.87,100.0
1619256781,FRANK SMITH,1,3.87,3.87,100.0
1740054436,USA EMERGENCY CENTERS BUDA LLC,2,3.85,3.08,100.0
1851470124,NorthEast Neurosurgical Associates,1,3.85,3.85,100.0
1306233648,PRECISION ASSIST OF DALLAS,1,3.84,3.84,100.0
1588407670,All Stars Surgical Assist LLC,1,3.84,3.84,100.0
1114486826,Brandon Claflin,4,3.84,3.63,25.0
1518620830,Complete Medical Wellness LLC,1,3.83,3.83,100.0
1629014675,"KAREN AVANESOV, DO",5,3.83,3.71,100.0
1083817704,"DAVID FELDMAR, MD",1,3.82,3.82,100.0
1164042156,NORTH SHORE COMPLETE MEDICAL PC,3,3.82,3.82,100.0
1649849910,COVINGTON HOSPITAL,1,3.81,3.81,0.0
1003136565,"ALBERT PETROSSIAN, MD",1,3.8,3.8,100.0
1720306400,George Mazpule MD,2,3.8,3.07,100.0
1184038523,"HKJ MED, PLLC",1,3.8,3.8,100.0
1083778633,Mem Hospital Hixson,1,3.8,3.8,100.0
1093423535,Michael Vengrow,3,3.8,3.88,66.7
1902335819,NEURO ALERT MONITORING SERVICES PC,1,3.79,3.79,0.0
1598497638,Silverlake ER LLC GROUP,1,3.79,3.79,100.0
1821551110,"ARYAN ALI, MD",4,3.78,3.71,75.0
1932766656,Vikas Pandey,5,3.78,3.88,100.0
1184026874,"NEUROSPINE PLUS, LLC",1,3.77,3.77,100.0
1710103288,IGEA Brain and Spine PA,1,3.76,3.76,100.0
1851179022,"NEUROSENSE SOLUTIONS, PLLC",2,3.74,3.33,50.0
1972581940,CHI St. Lukes Health Brazosport,1,3.73,3.73,100.0
1760961965,"MIDWEST NEUROLOGY, LLC",2,3.73,3.73,50.0
1801059647,"BENJAMIN BASSERI, MD",13,3.73,3.97,61.5
1205669355,PROCARE LAKEWOOD ER LLC,5,3.72,3.59,100.0
1912770041,"OLUTIMEHIN, OMOBOLAJI",3,3.71,3.08,100.0
1750909974,"EMER Arlington, LLC",9,3.71,3.46,100.0
1104383223,"Jeffery Parkinson, Au.D.",12,3.7,3.63,83.3
1154868503,WEST PLANO ER,7,3.7,3.46,100.0
1407392566,SAN ANGELO ER LLC,6,3.69,3.27,100.0
1285256701,Vikas Pandey,15,3.68,3.63,80.0
1942926936,Melissa Thomas,4,3.68,3.63,0.0
1194488791,"NORTHSTAR ANESTHESIA OF VIRGINIA, LLC",1,3.67,3.67,100.0
1326782814,CYPRESS EMERGENCY ROOM LLC,3,3.67,3.03,100.0
1003503863,Michael Vengrow,9,3.66,3.63,55.6
1134206444,"Mitchell F. Reiter, MD",1,3.66,3.66,100.0
1104004894,"BRAD R JOHNSTON, CRNA",1,3.66,3.66,100.0
1750717757,"KIMBERLY M CHESTNUT, CRNA",1,3.66,3.66,100.0
1093450975,Vikas Pandey,7,3.65,3.63,71.4
1639663370,USA EMERGENCY CENTERS ROUND ROCK LLC,5,3.65,3.55,60.0
1528661071,Maureen Handoko Yang M.D.,4,3.63,3.63,100.0
1467930255,Vikas Pandey,2,3.63,3.63,50.0
1013564087,Julian Bragg,1,3.63,3.63,100.0
7794410985,Julian Bragg,2,3.63,3.63,100.0
1083197578,Igor Rakovchik,1,3.63,3.63,100.0
1659830180,Michael Vengrow,1,3.63,3.63,100.0
1639853443,PROCARE PEARLAND LLC,5,3.62,3.59,100.0
1073297875,PROCARE NACOGDOCHES LLC,14,3.6,3.36,85.7
1518640630,Julian Bragg,5,3.59,3.41,100.0
1467103762,ANDREEA BIRTAN,1,3.59,3.59,100.0
1932673860,"PREFERRED NEUROPHYSIOLOGY, PLLC",4,3.58,3.68,100.0
1134654080,Lonestar24 HR ER,1,3.57,3.57,100.0
1215446869,"KIERA KELLER, PA",1,3.55,3.55,100.0
1174089866,MEDCO ER PLANO LLC,1,3.55,3.55,100.0
1679570402,"NAAMAN ABDULLAH, MD",1,3.54,3.54,100.0
1134833767,"NORTH AMERICAN NEUROLOGICAL ASSOCIATES, PC",1,3.54,3.54,100.0
1285350017,INTERVENTIONAL PAIN MANAGEMENT,1,3.52,3.52,100.0
1467935866,USA EMERGENCY CENTERS BURNET LLC,6,3.5,3.31,83.3
1558115220,Julian Bragg,2,3.49,3.1,50.0
1902922792,T.V. Seshan MD PC,3,3.49,3.6,100.0
1811526767,"MID CENTRAL NEURO AFFILIATES, PLLC",3,3.48,3.34,100.0
1982113601,ROYSE CITY ER,1,3.47,3.47,100.0
1134105547,"Rajeev Khamamkar, MD",2,3.47,3.09,100.0
1740509900,"DANIEL SHOUHED, MD",1,3.46,3.46,100.0
1831359421,FRANCESCO GARGANO MD PC,1,3.46,3.46,100.0
1942389317,"MAHIRA TANOVIC, MD",1,3.45,3.45,100.0
1245755933,CLEAR CREEK EMERGENCY ROOM LLC,15,3.44,3.22,100.0
1336288992,"ROBERT WATKINS IV, MD",4,3.44,3.3,75.0
1083912471,STERLING EMERG SVCS MIAMI BEACH PA,1,3.44,3.44,100.0
1518018191,Mercy Medical Center,1,3.43,3.43,100.0
1497106470,"MONICA AWAD, PA-C",2,3.43,3.41,100.0
1588992853,Health Spine and Anesthesia Institute,1,3.42,3.42,100.0
1912190083,"SABAREESH NATARA, MD",1,3.41,3.41,100.0
1841717808,Coastal Pediatric Ortho,1,3.4,3.4,100.0
1699121038,Caitlyn Pray PA,1,3.39,3.39,100.0
1922577170,EMCC PANTEGO PHYSICIANS PLLC,1,3.38,3.38,0.0
1134443112,"Mark R. Kahn, M.D.",2,3.37,3.37,100.0
1992789473,"Roper Radiologists, P.A.",94,3.36,3.18,61.7
1912246786,HCA FLORIDA POINCIANA HOSPITAL,1,3.35,3.35,0.0
1013901842,"Matthew Nalbandian, MD",5,3.35,3.24,100.0
1154348175,"KENNETH LIEBMAN, MD",1,3.34,3.34,100.0
1942699475,"RRV NEUROMONITORING, PLLC",1,3.34,3.34,0.0
1386717775,"SUSAN BECKMAN, PA-C",1,3.33,3.33,100.0
1235773151,BRUSHY CREEK EMERGENCY PHYSICIANS,1,3.33,3.33,100.0
1750084323,New York Brain & Spine,2,3.33,3.32,100.0
1184232621,SOUND PHYSICIANS EMERGENCY MED OF ILLINOIS LLC,1,3.3,3.3,100.0
1811521537,Craig Carroll,1,3.28,3.28,0.0
1326829326,"GREEN BAY HOSPITAL, LLC",2,3.28,3.07,100.0
1578622890,"Darin Stettler, D.O.",1,3.27,3.27,100.0
1164859690,"RAMIR REAMICO, CRNA",2,3.26,3.04,100.0
1457076663,"REDACTED DIAGNOSTICS, PLLC",1,3.26,3.26,100.0
1659302123,"Physiologic Assessment Services, LLC",1,3.26,3.26,100.0
1578198990,Brandon Claflin,1,3.25,3.25,100.0
1558479725,Michael Buch MD,1,3.25,3.25,100.0
1407823727,"DANIEL E WALZMAN, DR",1,3.25,3.25,100.0
1396763777,Ranjit S. Kadam M.D. P.C.,1,3.24,3.24,100.0
1811316771,Joshua Berkowitz MD Medical PC,7,3.24,3.24,100.0
1497149082,MATTHEW ANDERSON MD,1,3.23,3.23,0.0
1396737003,"AZADEH NEZHAT, MD",1,3.22,3.22,100.0
1659068310,Vikas Pandey,2,3.22,3.03,50.0
1437864220,Harmoni Neuromonitoring LLC,1,3.21,3.21,100.0
1033596101,"ABHISHEK KUMAR, MD",2,3.21,3.16,100.0
1336674001,"ECHO THERAPEUTICS, PLLC",1,3.21,3.21,0.0
1336618966,SUREPOINT EMERGENCY CENTER STEPHENVILLE,2,3.21,3.17,100.0
1609499805,"Shein Orthopaedics, PLLC",1,3.21,3.21,100.0
1235988015,IES OBS COLORADO PLLC,1,3.21,3.21,100.0
1851897110,"Siju Lukose, D.O.",1,3.2,3.2,0.0
1184372724,Vikas Pandey,3,3.19,3.24,100.0
1033863410,MVM HEALTH LLC,1,3.19,3.19,100.0
1952095176,Atlantic Brain and Spine LLC,2,3.19,3.18,100.0
1790939189,"MARC AGULNICK, MD",1,3.18,3.18,100.0
1801040027,"Amit Patel, MD",5,3.18,3.14,100.0
1568016137,"VIRTEX ASSIST, PLLC",2,3.17,3.14,100.0
1962921098,HANNAH HUAN,1,3.17,3.17,100.0
1215620489,"AKAHARA, OBIDIKE",2,3.16,3.16,100.0
1033142112,INTERVENTIONAL SPINE & SURGERY,1,3.16,3.16,100.0
1962559336,"ANDREA KLEIN, PA",1,3.15,3.15,100.0
1083320378,Manhasset Medical Care PC,1,3.14,3.14,100.0
1659394690,RICHARD S OBEDIAN MD,1,3.13,3.13,100.0
1891715041,"RAJEEV RAO, MD",2,3.12,3.0,100.0
1841429586,"ALBERT WONG, MD",2,3.12,3.09,100.0
1720759665,"SARA MATLOSZ, PA",2,3.11,3.11,0.0
1275551897,"Paul Dwan, MD",1,3.11,3.11,100.0
1588823165,Bellapianta Orthopaedics Sports Medicine,1,3.11,3.11,100.0
1770774770,Babak Eghbalieh MD,4,3.1,3.1,75.0
1881053676,Sood Medical Practice LLC,1,3.1,3.1,100.0
1326779216,"NICOLETTE COHEN, PA-C",2,3.09,3.07,50.0
1669495305,"WILLIAM SONSTEIN, MD",1,3.09,3.09,100.0
1942437629,"MOSHE BARNAJIAN, MD",1,3.08,3.08,100.0
1619318482,Darren Sachs DO,1,3.08,3.08,100.0
1275920720,"JEFFREY DEYGOO, MD",2,3.08,3.07,100.0
1104131598,"EMILY STEFANICHA, PA-C",1,3.07,3.07,100.0
1851943211,"MORGAN T LOMBARDO, PA-C",1,3.07,3.07,100.0
1740394048,"JOSHUA FALTO, PA",1,3.06,3.06,100.0
1174916522,Matthew Mcauliffe,1,3.05,3.05,0.0
1609035666,"WILSON TSAI, MD",1,3.05,3.05,100.0
1780053488,"BLAKE STEARNS, PA",1,3.04,3.04,100.0
1063537470,NJ Brain & Spine,1,3.04,3.04,100.0
1376064295,MEMORIAL VILLAGE EMERGENCY ROOM,1,3.04,3.04,100.0
1063882843,"JWJMDNM, PLLC",1,3.03,3.03,100.0
1518680792,Igor Rakovchik,1,3.03,3.03,100.0
1720049596,John Abrahams,2,3.03,3.03,100.0
1154402154,ADVANCED VASCULAR ASSOCIATES,1,3.02,3.02,100.0
1912426669,Hudson Neurosurgery,1,3.02,3.02,100.0
1679976120,"Baymont Emergency Room, LLC",1,3.02,3.02,100.0
1023084779,"BRIAN JACOB, MD",1,3.01,3.01,100.0
